,symbol,shortName,longName,sector,currentPrice,fullTimeEmployees,ebitdaMargins,profitMargins,grossMargins,revenueGrowth,operatingMargins,recommendationKey,earningsGrowth,currentRatio,returnOnAssets,debtToEquity,returnOnEquity,totalCashPerShare,revenuePerShare,quickRatio,recommendationMean,enterpriseToRevenue,enterpriseToEbitda,52WeekChange,forwardEps,bookValue,sharesPercentSharesOut,heldPercentInstitutions,netIncomeToCommon,trailingEps,lastDividendValue,SandP52WeekChange,priceToBook,heldPercentInsiders,shortRatio,beta,enterpriseValue,earningsQuarterlyGrowth,priceToSalesTrailing12Months,pegRatio,forwardPE,shortPercentOfFloat,sharesShortPriorMonth,previousClose,regularMarketOpen,twoHundredDayAverage,trailingAnnualDividendYield,payoutRatio,averageDailyVolume10Day,trailingAnnualDividendRate,averageVolume10days,dividendRate,trailingPE,regularMarketVolume,averageVolume,volume,fiveYearAvgDividendYield,dividendYield,trailingPegRatio
0,ADM,Archer-Daniels-Midland Company,Archer-Daniels-Midland Company,Consumer Defensive,75.2,40360,0.05094,0.04152,0.07545,-0.077,0.04156,buy,-0.22,1.633,0.043920003,38.866,0.16655001,2.66,180.622,0.411,2.1,0.491,9.641,-0.14883983,6.62,46.528,0.0084,0.81038004,4147000064,7.5,0.45,0.18349409,1.6162311,0.00674,1.44,0.83,49053843456,-0.25,0.4036169,-17.25,11.359516,0.0095,5318920,74.52,73.67,79.1942,0.02281267,0.22670001,1889680,1.7,1889680,1.8,10.026667,1915254,2642673,1915254,2.64,0.0239,
1,ADP,"Automatic Data Processing, Inc.","Automatic Data Processing, Inc.",Industrials,249.33,63000,0.28362,0.18943001,0.47245997,0.085,0.2344,hold,0.262,0.986,0.04998,100.909,1.0133001,5.093,43.539,0.119,3.1,5.783,20.389,0.06898475,10.06,8.515,0.010299999,0.83041,3412000000,8.2,1.25,0.18349409,29.281267,0.0011,2.91,0.825,104163483648,0.242,5.7026334,2.02,24.784294,0.010299999,3994866,249.26,250.4,229.551,0.019216882,0.5834,1264200,4.79,1264200,5.0,30.4061,987233,1468971,987233,1.96,0.0201,2.827
2,AFL,AFLAC Incorporated,Aflac Incorporated,Financial Services,81.4,12882,0.26477,0.24134001,0.42683998,-0.027,0.36271998,hold,0.249,1.274,0.02339,60.458,0.19569999,12.516,30.862,0.988,2.8,2.806,10.599,0.35350847,6.19,34.295,0.0211,0.59828997,4582000128,7.46,0.42,0.18349409,2.373524,0.09434,5.5,0.899,53278687232,0.172,2.5469635,2.24,13.150243,0.021300001,12788636,81.09,80.89,70.42015,0.020224443,0.2198,2353810,1.64,2353810,1.68,10.911529,1691209,2258506,1691209,2.39,0.020599999,
3,A,"Agilent Technologies, Inc.","Agilent Technologies, Inc.",Healthcare,112.4,18300,0.25293,0.162,0.50929,-0.027,0.21260999,buy,-0.657,2.29,0.08785,53.383,0.21279,4.542,23.688,1.516,2.3,4.936,19.517,-0.12841189,5.7,18.986,0.0137,0.91476,1132999936,3.82,0.225,0.18349409,5.9201517,0.003,2.06,1.031109,34524811264,-0.663,4.702142,2.59,19.7193,0.0154,4039652,111.5,110.1,129.9855,0.00793722,0.2317,1930670,0.885,1930670,0.9,29.424086,1641397,1992518,1641397,0.7,0.008,2.6318
4,ALGN,"Align Technology, Inc.","Align Technology, Inc.",Healthcare,276.76,22910,0.19094,0.08404,0.69947,0.034,0.17156,buy,0.015,1.17,0.060229998,3.667,0.0868,13.168,48.367,0.975,2.1,5.434,28.458,0.3501805,10.4,47.54,0.0274,0.91513,314087008,4.07,,0.18349409,5.821624,0.06493,3.37,1.514,20307126272,-0.009,5.6677628,0.72,26.61154,0.031,2080756,272.36,270.93,316.96414,0.0,0.0,730370,0.0,730370,,68.0,521773,714656,521773,,0.025899999,1.7146
5,AMZN,"Amazon.com, Inc.","Amazon.com, Inc.",Consumer Cyclical,131.47,1541000,0.11788999,0.024300002,0.45529997,0.108,0.05716,buy,,0.948,0.02467,103.371,0.08715,6.2,52.562,0.667,1.7,2.726,23.124,0.14252198,2.97,16.348,0.0074,0.60534,13072000000,1.26,,0.18349409,8.041963,0.09718,1.41,1.188,1466790707200,,2.521125,0.76,44.265995,0.0099,73378523,132.55,130.39,115.73395,0.0,0.0,44581890,0.0,44581890,,104.34127,49281596,53176496,49281596,,0.0104,2.6044
6,AMD,"Advanced Micro Devices, Inc.","Advanced Micro Devices, Inc.",Technology,105.14,25000,0.14171,-0.00114,0.49967998,-0.182,-0.00373,buy,-0.938,2.18,-0.00349,5.187,-0.00045000002,3.89,13.554,1.4,2.0,7.609,53.692,0.8371483,3.95,34.161,0.0179,0.74466,-25000000,-0.04,,0.18349409,3.0777788,0.00477,0.55,1.648,166446694400,-0.94,7.765201,4.75,26.617722,0.018,28178520,106.46,103.54,98.32215,0.0,0.0,52129060,0.0,52129060,,,49548255,59002525,49548255,,0.0116,1.2038
7,AEE,Ameren Corporation,Ameren Corporation,Utilities,78.4,9244,0.39270002,0.14146,0.43136,0.022,0.22474001,buy,0.125,0.623,0.029140001,147.857,0.107609995,0.027,30.272,0.287,2.2,4.656,11.856,-0.002036631,4.69,40.719,0.013300001,0.79037005,1116000000,4.27,0.63,0.18349409,1.9253911,0.00429,2.65,0.491185,36728561664,0.145,2.6111803,3.04,16.716417,0.0150999995,4101019,78.32,77.82,83.7323,0.03115424,0.5714,1854930,2.44,1854930,2.52,18.360657,1678313,1415703,1678313,2.61,0.0321,2.3188
8,ADI,"Analog Devices, Inc.","Analog Devices, Inc.",Technology,172.61,24450,0.52143,0.29231,0.65229,-0.011,0.30978,buy,0.208,1.708,0.05472,19.575,0.10345,2.306,25.368,0.977,2.0,7.159,13.729,0.221326,8.43,72.05,0.0152,0.90726995,3752375040,7.35,0.86,0.18349409,2.3956974,0.00387,2.38,1.151,91892703232,0.171,6.700593,-29.67,20.475681,0.0152,6074468,172.75,169.49,182.29665,0.019334298,0.4408,2951020,3.34,2951020,3.44,23.484354,2188850,3247709,2188850,1.83,0.0199,2.3233
9,AMAT,"Applied Materials, Inc.","Applied Materials, Inc.",Technology,142.72,34500,0.3098,0.24274,0.46400002,-0.015,0.28047,buy,0.0,2.296,0.17047001,40.409,0.47439998,7.812,31.421,1.456,2.1,4.482,14.466,0.84726894,7.4,18.042,0.026700001,0.83889997,6442999808,7.58,0.32,0.18349409,7.9104314,0.00348,4.1,1.581,118954115072,-0.029,4.4979897,1.53,19.286486,0.026800001,19498425,141.0,139.13,128.50145,0.00822695,0.1451,5356190,1.16,5356190,1.28,18.828497,5772964,5612276,5772964,1.18,0.009,4.628
10,ADSK,"Autodesk, Inc.","Autodesk, Inc.",Technology,213.99,13700,0.21355,0.16769,0.91424006,0.087,0.19628,buy,0.212,0.728,0.07557,220.978,0.89825,9.698,24.298,0.639,2.0,8.89,41.631,0.08613336,8.48,5.636,0.0113,0.9482,874000000,4.02,0.015,0.18349409,37.96842,0.00257,1.91,1.454,46335279104,0.194,8.776546,1.9,25.234673,0.0114,2360735,211.78,209.32,205.5281,0.0,0.0,1004670,0.0,1004670,,53.231346,901827,1316062,901827,0.48,0.0196,1.2747
11,BAC,Bank of America Corporation,Bank of America Corporation,Financial Services,27.62,216000,0.0,0.30881,0.0,0.086,0.33375,buy,0.205,,0.00955,,0.10782,107.772,11.942,,2.5,0.733,,-0.18573111,3.09,32.051,0.0077,0.70398,28241000448,3.48,0.24,0.18349409,0.8617516,0.0011100001,1.6,1.39,70653788160,0.186,2.2757354,2.14,8.938512,0.0089,52279225,26.99,27.05,30.16055,0.03260467,0.2529,54475870,0.88,54475870,0.96,7.936782,94747667,42077626,94747667,2.31,0.0348,7.4953
12,BIIB,Biogen Inc.,Biogen Inc.,Healthcare,267.43,8725,0.30953,0.26722,0.76233,-0.051,0.25786,buy,-0.438,3.274,0.0651,45.566,0.2025,41.97,69.079,2.704,2.0,3.935,12.712,0.011268616,16.59,99.91,0.0197,0.90871,2664600064,18.35,,0.18349409,2.676709,0.00679,3.6,0.083,39234404352,-0.441,3.884071,35.02,16.119951,0.0223,3135595,267.94,268.11,279.4381,0.0,0.0,931860,0.0,931860,,14.573841,614997,964576,614997,,0.037100002,9.5678
13,BK,The Bank of New York Mellon Cor,The Bank of New York Mellon Corporation,Financial Services,43.44,51700,0.0,0.2125,0.0,0.014,0.29673,buy,2.128,,0.00871,,0.089549996,208.843,21.403,,2.2,-3.601,,0.11327529,5.0,46.483,0.0088,0.86447996,3400999936,3.44,0.42,0.18349409,0.93453515,0.0013600001,1.48,,-61408878592,1.675,1.9837158,1.22,8.688,0.0088,5494401,41.84,41.0,45.1084,0.008843212,0.4302,5180770,0.37,5180770,1.68,12.627907,17018595,4261415,17018595,2.85,0.0387,0.4648
14,BSX,Boston Scientific Corporation,Boston Scientific Corporation,Healthcare,50.46,45000,0.25254,0.06806,0.69141996,0.109,0.16837999,buy,0.059,1.29,0.04224,51.144,0.05104,0.291,9.328,0.561,1.7,6.207,24.578,0.2319336,2.24,12.461,0.01,0.94181997,861000000,0.6,,0.18349409,4.049434,0.00266,1.74,0.769,83171704832,0.038,5.5137715,1.99,22.526785,0.01,12223797,50.1,49.73,50.63045,0.0,0.0,10018860,0.0,10018860,,84.1,7349447,8242823,7349447,,0.0194,1.5742
15,CHRW,"C.H. Robinson Worldwide, Inc.","C.H. Robinson Worldwide, Inc.",Industrials,86.21,16523,0.04287,0.02656,0.07057,-0.35,0.03976,hold,-0.697,1.105,0.07773,151.108,0.31053,1.805,167.209,1.051,3.2,0.58,13.531,-0.077474594,4.18,11.932,0.0999,0.99526,534198016,4.46,0.61,0.18349409,7.2251086,0.00986,11.04,0.783269,11667620864,-0.721,0.4989886,-1.81,20.624403,0.1358,12083529,85.75,85.75,95.4761,0.027755104,0.53360003,831450,2.38,831450,2.44,19.329596,924525,926604,924525,2.3,0.029000001,
16,CDNS,"Cadence Design Systems, Inc.","Cadence Design Systems, Inc.",Technology,250.02,10200,0.32576,0.23407,0.89411,0.139,0.30968,buy,0.191,1.373,0.14491999,22.299,0.32152998,3.215,14.077,1.114,1.7,17.82,54.702,0.62646365,5.85,10.701,0.0099,0.92181,889620992,3.25,,0.18349409,23.364172,0.00926,2.32,1.046,67727560704,0.183,17.879059,2.68,42.738464,0.013099999,2353794,251.42,248.58,215.2942,0.0,0.0,1256400,0.0,1256400,,76.92923,1498209,1342821,1498209,,0.0043,3.2079
17,CAH,"Cardinal Health, Inc.","Cardinal Health, Inc.",Healthcare,93.04,47040,0.01201,0.00127,0.0336,0.135,0.00863,hold,,1.004,0.025339998,,,16.128,785.487,0.457,2.7,0.119,9.933,0.31412435,7.63,-11.363,0.03,0.90643,261000000,1.0,0.501,0.18349409,,0.00397,3.82,0.783961,24455159808,,0.11180212,0.88,12.193971,0.0399,10676883,92.66,92.74,83.86675,0.021454781,1.9877,1910740,1.988,1910740,2.0,93.04,1910989,2151385,1910989,3.46,0.0216,1.7752
18,CDW,CDW Corporation,CDW Corporation,Technology,208.9,11100,0.089549996,0.04815,0.20932,-0.085,0.07684,buy,-0.059,1.298,0.080699995,406.211,0.79260004,1.521,165.555,1.082,2.1,1.525,17.028,0.3099643,10.63,12.039,0.0150999995,0.96273005,1077699968,7.86,0.59,0.18349409,17.35194,0.00252,3.28,1.111994,34131857408,-0.06,1.2510667,3.39,19.651928,0.0172,1507295,208.82,207.78,191.15054,0.010870606,0.2888,645780,2.27,645780,2.36,26.577606,463503,619537,463503,1.08,0.0114,
19,CNC,Centene Corporation,Centene Corporation,Healthcare,72.12,74300,0.04567,0.01962,0.16715,0.037,0.034930002,buy,,1.114,0.03683,82.805,0.10338,35.795,247.624,1.053,2.3,0.293,6.424,-0.047543585,6.71,47.016,0.012200001,0.97175,2712999936,4.89,,0.18349409,1.533946,0.0064700004,1.74,0.492222,40569925632,,0.28242293,0.98,10.748137,0.0139,5873395,71.12,71.13,68.26805,0.0,0.0,2592140,0.0,2592140,,14.748467,2772043,3284668,2772043,,,0.4494
20,CNP,"CenterPoint Energy, Inc (Holdin","CenterPoint Energy, Inc.",Utilities,27.94,8986,0.29672,0.08405,0.38865003,-0.035,0.2,buy,-0.4,0.88,0.027420001,163.824,0.076409996,1.18,14.709,0.531,2.2,3.74,12.604,0.034814835,1.62,15.174,0.0198,0.92362,730000000,1.15,0.19,0.18349409,1.8413075,0.0017499999,2.92,0.912,34662285312,-0.379,1.9028141,-17.42,17.246914,0.026500002,13290908,27.78,27.6,29.09445,0.026637869,0.6435,4726920,0.74,4726920,0.8,24.295652,6526277,4271523,6526277,3.34,0.0286,2.102
21,CMG,"Chipotle Mexican Grill, Inc.","Chipotle Mexican Grill, Inc.",Consumer Cyclical,1829.51,104958,0.1906,0.12002,0.40495998,0.136,0.17817,buy,0.332,1.585,0.13023,140.519,0.45286998,49.153,335.519,1.443,1.8,5.709,29.954,0.19794261,52.46,100.264,0.0234,0.93883,1114299008,40.07,,0.18349409,18.24693,0.00588,2.97,1.342,53003796480,0.315,5.436336,1.65,34.874382,0.0235,589345,1810.45,1799.0,1830.9425,0.0,0.0,240170,0.0,240170,,45.65785,214805,262684,214805,,0.019,1.3848
22,CSCO,"Cisco Systems, Inc.","Cisco Systems, Inc.",Technology,53.94,84900,0.3021,0.22128999,0.62727,0.16,0.29442,buy,0.407,1.385,0.09949,21.311,0.29986,6.494,13.926,1.135,2.5,3.541,11.722,0.28796566,4.03,10.908,0.0117999995,0.77446,12613000192,3.07,0.39,0.18349409,4.9449944,0.0008,2.82,0.963,201837035520,0.406,3.8373127,2.28,13.384614,0.0117999995,60493301,54.16,53.79,50.8469,0.02843427,0.5016,13863260,1.54,13863260,1.56,17.570032,17104277,17741545,17104277,2.97,0.028900001,2.8403
23,CTSH,Cognizant Technology Solutions ,Cognizant Technology Solutions Corporation,Technology,67.17,345600,0.17861,0.113079995,0.35305,-0.004,0.14204,hold,-0.18,2.275,0.104540005,11.478,0.17648001,4.148,37.953,1.914,3.0,1.718,9.616,0.12305629,4.68,25.55,0.0135,0.94601,2192999936,4.28,0.29,0.18349409,2.6289628,0.00232,2.21,1.078,33309630464,-0.198,1.7491802,3.6,14.352564,0.0153,7140449,66.77,66.56,64.6747,0.017073536,0.2617,2842040,1.14,2842040,1.16,15.693924,2297171,3479998,2297171,1.37,0.0173,1.3625
24,CL,Colgate-Palmolive Company,Colgate-Palmolive Company,Consumer Defensive,72.08,33800,0.21145001,0.08016,0.5687,0.075,0.20033,buy,-0.167,1.174,0.13334,2853.651,3.83276,1.314,22.44,0.592,2.4,3.634,17.187,0.004599333,3.44,-0.077,0.0106,0.83044,1496999936,1.79,0.48,0.18349409,,0.00089,2.4,0.457,67869925376,-0.168,3.1906166,3.02,20.95349,0.0106,9853514,72.15,72.06,75.2085,0.026195426,1.0559,5242840,1.89,5242840,1.92,40.268158,10084143,4233056,10084143,2.39,0.026600001,2.3784
25,CMCSA,Comcast Corporation,Comcast Corporation,Communication Services,44.36,186000,0.30813998,0.05395,0.69646,0.017,0.21987,buy,0.342,0.757,0.054429997,120.905,0.06925,1.732,28.335,0.611,2.2,2.316,7.516,0.4596907,4.2,20.357,0.0094,0.87896,6506999808,1.59,0.29,0.18349409,2.179103,0.0074299998,2.09,1.054,279311908864,0.251,1.5172609,1.51,10.561906,0.0095,44123401,44.25,44.22,40.9079,0.025310734,0.7044,17607800,1.12,17607800,1.16,27.89937,15595251,17927278,15595251,2.17,0.026099999,0.9696
26,COP,ConocoPhillips,ConocoPhillips,Energy,125.46,9700,0.41608003,0.18798,0.47526002,-0.411,0.2642,buy,-0.535,1.414,0.14109999,34.596,0.26455998,5.691,55.778,1.188,1.9,2.324,5.587,0.03591776,9.87,39.692,0.011,0.81597,12883999744,10.43,0.6,0.18349409,3.1608384,0.00154,2.78,1.295,159866175488,-0.566,2.1844726,-1.48,12.7112465,0.011,11903191,125.31,125.2,110.11305,0.043013327,0.373,5253680,5.39,5253680,2.4,12.028763,4197787,4581612,4197787,2.56,0.0191,
27,STZ,"Constellation Brands, Inc.","Constellation Brands, Inc.",Consumer Defensive,237.8,10700,0.35129002,0.15498,0.50091,0.068,0.34839,buy,,1.202,0.07672,120.388,0.15877,0.454,51.272,0.356,1.9,5.685,16.183,0.06512582,13.45,51.132,0.0068,0.77392995,1516600064,8.51,0.89,0.18349409,4.650708,0.12441,1.6,1.04,55631384576,,4.4635735,1.79,17.680298,0.0069999998,1622923,234.79,233.29,239.26254,0.014395844,0.39720002,1606760,3.38,1606760,3.56,27.943596,1293092,993878,1293092,1.45,0.015,2.1877
28,COO,"The Cooper Companies, Inc.","The Cooper Companies, Inc.",Healthcare,330.03,15000,0.24896,0.07834,0.65866995,0.103,0.14538,buy,-0.136,1.722,0.02747,34.46,0.03768,2.369,71.066,0.752,2.4,5.293,21.259,0.286767,14.1,152.087,0.0146,1.03354,275300000,5.54,0.03,0.18349409,2.170008,0.0055400003,2.21,0.938817,18599290880,-0.133,4.65097,2.54,23.406382,0.0165,761803,331.6,328.61,359.6105,0.00018094089,0.0108,387280,0.06,387280,0.06,59.5722,304548,302242,304548,0.02,0.0002,2.2463
29,CPRT,"Copart, Inc.","Copart, Inc.",Industrials,46.66,12000,0.42353,0.31987,0.45726,0.129,0.38417,buy,0.308,6.621,0.15425,2.012,0.23325,2.469,4.058,5.145,1.8,10.739,25.356,0.68219924,1.57,6.254,0.010199999,0.82579005,1237741056,1.28,,0.18349409,7.460825,0.09483,2.33,1.192879,41555488768,0.319,11.544133,1.44,29.719744,0.0113,8386021,46.64,46.67,40.2503,0.0,0.0,3324400,0.0,3324400,,36.453125,2460747,3825225,2460747,,,3.2875
30,CSGP,"CoStar Group, Inc.","CoStar Group, Inc.",Real Estate,79.8,5653,0.21086,0.16561002,0.80646,0.13,0.1568,buy,0.181,12.297,0.02823,15.472,0.05919,12.748,5.77,12.176,1.8,12.593,59.719,0.10388708,1.44,17.404,0.0128,0.98,384312992,0.96,,0.18349409,4.585153,0.0108,3.27,0.861735,29221851136,0.204,14.042129,3.29,55.416668,0.0145000005,7160931,81.62,80.8,78.06585,0.0,0.0,1621640,0.0,1621640,,83.12501,1501655,1758723,1501655,,,3.0674
31,CCI,Crown Castle Inc.,Crown Castle Inc.,Real Estate,93.4,5000,0.59174997,0.23874001,0.70825,0.077,0.36958,hold,0.081,0.495,0.04074,404.627,0.22902,0.636,16.513,0.326,2.7,9.614,16.247,-0.28538638,3.18,16.235,0.0117999995,0.92638,1707000064,3.93,1.565,0.18349409,5.7530026,0.00348,1.5,0.679,68739579904,0.081,5.6651216,-4.29,29.371069,0.0137,4783136,94.58,94.0,118.6014,0.06518291,1.5687,3439980,6.165,3439980,6.26,23.765903,3638247,3304929,3638247,3.52,0.067,3.0764
32,CSX,CSX Corporation,CSX Corporation,Industrials,31.37,22700,0.50086,0.27359,0.50086,-0.03,0.39903,buy,-0.093,1.417,0.091350004,150.823,0.32359,0.515,7.268,1.149,2.0,5.351,10.683,0.12356734,2.0,6.116,0.0092,0.78473,4112000000,1.98,0.11,0.18349409,5.1291695,0.0029499999,1.33,1.203,80420577280,-0.155,4.18753,2.55,15.685,0.0093,18005180,31.41,31.41,31.3343,0.013371537,0.21209998,11386270,0.42,11386270,0.44,15.843434,8664496,13618437,8664496,1.26,0.0139999995,2.5675
33,DE,Deere & Company,Deere & Company,Industrials,391.12,82200,0.23607999,0.16367,0.30309,0.12,0.23726,buy,0.656,1.996,0.08839,272.275,0.47447,17.826,207.336,1.75,2.1,2.781,11.78,0.05332327,31.24,80.028,0.0099,0.78843004,10042999808,33.75,1.35,0.18349409,4.8872895,0.0018799999,1.88,1.077,170649780224,0.581,1.8357418,1.0,12.519846,0.01,2279018,390.54,388.9,401.8722,0.012367491,0.14310001,1106250,4.83,1106250,5.4,11.58874,895158,1451370,895158,1.39,0.0138,1.0597
34,DVN,Devon Energy Corporation,Devon Energy Corporation,Energy,49.93,1800,0.55115,0.29826,0.57049,-0.419,0.27756,buy,-0.635,0.976,0.17021999,60.413,0.44957,0.581,24.861,0.709,2.2,2.402,4.358,-0.3059494,6.49,17.193,0.0154,0.73917997,4744000000,7.32,0.49,0.18349409,2.9040887,0.00644,1.06,2.329,38483152896,-0.643,1.9965146,-3.04,7.6933746,0.0176,11810493,49.4,49.07,52.174,0.09129555,0.6161,10139710,4.51,10139710,3.45,6.8210382,9459295,8729287,9459295,4.04,0.0691,
35,DXCM,"DexCom, Inc.","DexCom, Inc.",Healthcare,80.49,7500,0.18533,0.1118,0.63939,0.252,0.14702,strong_buy,1.227,2.417,0.04654,160.522,0.16413,9.375,8.254,2.122,1.5,9.681,52.236,-0.16883516,1.61,5.44,0.040700004,1.00654,357500000,0.86,,0.18349409,14.795956,0.0039,3.23,1.123,30955200512,1.277,9.763515,1.74,49.993786,0.0461,16918856,78.95,77.38,113.2637,0.0,0.0,6392270,0.0,6392270,,93.59302,5326659,4532414,5326659,,0.0041,1.6882
36,DLR,"Digital Realty Trust, Inc.","Digital Realty Trust, Inc.",Real Estate,123.29,3412,0.45661,0.083739996,0.54479,0.241,0.12956999,buy,0.955,0.74,0.010629999,98.968,0.02283,0.469,17.578,0.558,2.3,11.553,25.302,0.294927,1.29,56.442,0.0517,1.0371,387161984,1.27,1.22,0.18349409,2.1843662,0.00158,7.54,0.552,59033587712,0.863,7.460274,8.14,95.57365,0.061100002,15949698,123.72,122.52,109.75305,0.039443906,3.8425,1690700,4.88,1690700,4.88,97.07874,1483778,2203234,1483778,3.54,0.0396,2.835
37,DG,Dollar General Corporation,Dollar General Corporation,Consumer Defensive,117.33,170000,0.10023,0.05588,0.31009,0.039,0.07067,buy,-0.285,1.394,0.06617,286.388,0.34735,1.608,175.515,0.084,2.5,1.119,11.167,-0.507782,7.79,28.695,0.0224,0.92697,2168517120,9.76,0.59,0.18349409,4.0888658,0.00482,0.84,0.392,43434000384,-0.309,0.6635722,-2.33,15.061618,0.0225,4600205,113.57,113.62,185.48495,0.020075724,0.2336,5273340,2.28,5273340,2.36,12.021516,6332756,3978076,6332756,0.87,0.0201,1.991
38,D,"Dominion Energy, Inc.","Dominion Energy, Inc.",Utilities,41.91,17200,0.45904,0.12712,0.46307,0.055,0.23511,hold,,0.57,0.03151,172.288,0.08226,0.32,21.985,0.226,2.8,4.664,10.161,-0.36200333,3.43,31.834,0.0107,0.72102,2252000000,2.7,0.668,0.18349409,1.316517,0.0013799999,1.61,0.516,85562155008,,1.9116465,-3.7,12.218658,0.0108,5788143,42.22,41.83,53.4632,0.06324017,0.9889,5829680,2.67,5829680,2.67,15.522222,4610797,4920345,4610797,4.28,0.0637,
39,DPZ,Domino's Pizza Inc,"Domino's Pizza, Inc.",Consumer Cyclical,350.49,6500,0.19387,0.11639,0.27101,-0.039,0.18250999,buy,0.497,1.413,0.31216,,,2.287,127.086,0.588,2.3,3.93,20.273,0.08376622,15.76,-117.135,0.0321,0.96612,520128000,13.22,1.21,0.18349409,,0.0055,2.32,0.830279,17562933248,0.469,2.7358444,1.97,22.239212,0.0416,1494015,351.68,350.06,345.37054,0.013449728,0.34919998,973760,4.73,973760,4.84,26.512102,601717,583884,601717,0.95,0.0138,2.0076
40,EBAY,eBay Inc.,eBay Inc.,Consumer Cyclical,42.56,11600,0.27696,0.13491,0.72374,0.049,0.20393999,hold,,2.452,0.07366,156.017,0.25535,13.402,18.39,2.286,2.7,2.388,8.622,0.12562811,4.2,9.884,0.0319,0.91231,1342000000,2.37,0.25,0.18349409,4.305949,0.00232,3.2,1.318,23735617536,,2.2785316,1.4,10.133334,0.0361,17547621,42.47,42.03,44.796,0.023075111,0.3966,4958040,0.98,4958040,1.0,17.957808,3584588,5389134,3584588,,0.0235,3.5554
41,EW,Edwards Lifesciences Corporatio,Edwards Lifesciences Corporation,Healthcare,70.33,17300,0.30954,0.24562,0.79095,0.114,0.20207001,buy,-0.231,3.152,0.1154,10.618,0.22403,2.483,9.246,2.01,2.4,7.424,23.985,-0.18173355,2.88,10.488,0.022,0.85593003,1389500032,2.26,,0.18349409,6.705759,0.00851,3.98,1.013,42000752640,-0.244,7.557713,2.87,24.42014,0.0222,10750794,71.27,70.89,81.2738,0.0,0.0,4199820,0.0,4199820,,31.11947,2440378,3614551,2440378,,0.0223,4.1369
42,ELV,"Elevance Health, Inc.","Elevance Health, Inc.",Healthcare,465.69,102300,0.06407,0.03887,0.2647,0.13,0.05671,buy,0.158,1.437,0.05593,67.913,0.17433001,162.463,696.286,1.313,1.8,0.572,8.933,-0.045345545,37.0,161.981,0.0095,0.92336,6440999936,26.84,1.48,0.18349409,2.8749669,0.00217,2.04,0.860352,94852022272,0.132,0.66221076,1.12,12.586216,0.0095,1391438,462.62,463.1,462.99295,0.01193204,0.20549999,1221070,5.52,1221070,5.92,17.350595,1452494,1076454,1452494,1.12,0.012999999,1.0098
43,LLY,Eli Lilly and Company,Eli Lilly and Company,Healthcare,608.31,39000,0.33084,0.22014,0.77769995,0.281,0.28132,buy,0.857,1.128,0.10182,169.997,0.65602994,3.271,32.763,0.633,1.9,19.08,57.67,0.8473382,12.61,12.303,0.006,0.83985,6497500160,7.18,1.13,0.18349409,49.444035,0.00153,2.0,0.331,563147964416,0.851,19.564827,2.33,48.240288,0.0070999996,5617552,616.64,619.0,433.215,0.0068435385,0.5877,3737920,4.22,3737920,4.52,84.72284,2902915,2984304,2902915,1.57,0.0074,1.6023
44,EPAM,"EPAM Systems, Inc.","EPAM Systems, Inc.",Technology,243.47,59300,0.1539,0.11022,0.31368,-0.021,0.13541001,buy,5.344,4.917,0.10697,5.542,0.18121,31.889,83.906,4.735,2.4,2.592,16.844,-0.26588273,10.98,56.298,0.0231,0.93478996,533417984,9.24,,0.18349409,4.324665,0.03223,3.17,1.430694,12545107968,5.452,2.9160233,3.79,22.173954,0.0313,1131218,245.2,243.03,272.017,0.0,0.0,331500,0.0,331500,,26.349567,285593,428676,285593,,,
45,EFX,"Equifax, Inc.",Equifax Inc.,Industrials,180.86,14000,0.29358998,0.103599995,0.55547,0.001,0.17979999,buy,-0.313,1.204,0.04912,134.784,0.13174,1.337,41.304,1.007,2.4,5.476,18.653,0.1295278,8.77,34.158,0.0273,1.00737,524400000,4.27,0.39,0.18349409,5.2948065,0.00425,5.47,1.401,27720255488,-0.311,4.3848314,2.1,20.622576,0.031,3241050,180.02,177.74,205.9625,0.008665703,0.3662,705810,1.56,705810,1.56,42.355972,1342486,879671,1342486,0.93,0.0086,1.3883
46,EQIX,"Equinix, Inc.","Equinix, Inc.",Real Estate,742.92,12621,0.3641,0.11218,0.44739,0.111,0.16529,buy,-0.068,2.019,0.017,142.566,0.07111,25.033,77.506,1.806,2.1,11.738,32.237,0.41368544,10.48,128.511,0.0165,0.96975,806385984,8.69,3.41,0.18349409,5.7809834,0.0030500002,4.21,0.62,84371775488,-0.043,9.670182,3.57,70.88931,0.0216,1641328,751.41,739.62,736.30164,0.017327426,1.5035001,292080,13.02,292080,13.64,85.49137,311238,345421,311238,1.71,0.0184,3.2988
47,EXC,Exelon Corporation,Exelon Corporation,Utilities,40.06,19063,0.32028,0.10658,0.42077,0.137,0.14778,buy,-0.277,0.95,0.024149999,169.955,0.087,0.401,20.032,0.432,2.2,4.127,12.885,0.08710992,2.5,25.199,0.013300001,0.85191,2120000000,2.14,0.36,0.18349409,1.5897458,0.00215,2.66,0.647,82092482560,-0.262,2.0042465,2.7,16.024,0.0134000005,13827574,40.17,39.88,41.1116,0.03460294,0.65190005,5871700,1.39,5871700,1.44,18.719625,5512964,5377784,5512964,3.32,0.0359,2.3493
48,EXPE,"Expedia Group, Inc.","Expedia Group, Inc.",Consumer Cyclical,101.55,16500,0.118030004,0.07333,0.86232,0.056,0.10237,buy,,0.83,0.03111,203.638,0.27224,43.951,80.047,0.601,2.5,1.305,11.053,0.05649185,11.62,12.181,0.066700004,0.97149,899000000,5.71,0.34,0.18349409,8.336755,0.00504,4.39,1.66367,15994152960,,1.1874971,0.42,8.7392435,0.0797,6683142,99.67,99.31,104.1397,0.0,0.0,1528160,0.0,1528160,,17.78459,1384068,2308762,1384068,,,0.2239
49,XOM,Exxon Mobil Corporation,Exxon Mobil Corporation,Energy,111.39,62000,0.21507,0.14055,0.34379002,-0.272,0.12907,buy,-0.54,1.484,0.10511,20.047,0.27201998,7.376,89.25,1.059,2.2,1.266,5.886,0.07322478,8.97,49.722,0.0111,0.60717,51719999488,12.5,0.91,0.18349409,2.2402558,0.00061,2.84,1.044,465834639360,-0.559,1.199612,0.29,12.418059,0.0112,38314422,109.95,109.73,109.8382,0.032833107,0.2888,25897660,3.61,25897660,3.64,8.9112,19692364,16801859,19692364,5.27,0.0327,
50,FSLR,"First Solar, Inc.","First Solar, Inc.",Technology,158.06,5500,0.12708999,0.05231,0.16857,0.306,0.25160998,buy,2.058,3.357,0.00773,8.002,0.02621,17.635,28.026,2.34,2.1,5.178,40.747,0.3148657,13.18,56.535,0.0324,0.85462,156424000,1.45,,0.18349409,2.7957902,0.052529998,1.91,1.399,15485110272,2.057,5.6468596,3.48,11.992413,0.0425,3220089,151.29,149.1,186.56046,0.0,0.0,2396600,0.0,2396600,,109.00689,2398104,2098459,2398104,,,
51,FE,FirstEnergy Corp.,FirstEnergy Corp.,Utilities,36.08,12335,0.27634,0.03607,0.65554,0.067,0.19228001,buy,0.252,0.599,0.026010001,218.831,0.04694,0.298,22.199,0.393,2.5,3.543,12.82,-0.022751868,2.68,18.33,0.016,0.87315005,458000000,0.8,0.39,0.18349409,1.968358,0.00098,2.5,0.479,44984913920,0.257,1.6291463,2.18,13.462687,0.018099999,11379364,36.16,35.89,38.6953,0.043141592,1.95,3767700,1.56,3767700,1.64,45.100002,2363516,3518857,2363516,3.99,0.045500003,2.2438
52,FIS,Fidelity National Information S,"Fidelity National Information Services, Inc.",Technology,53.61,69000,0.28469,-1.6174699,0.40298,0.007,0.14015001,buy,,0.737,0.01814,96.276,-0.70373,3.345,24.474,0.407,2.2,3.383,11.884,-0.30131632,6.38,34.233,0.018099999,0.92457,-23573000192,-39.24,0.52,0.18349409,1.5660328,0.00322,2.27,0.837,49305075712,,2.179364,3.43,8.402822,0.018099999,7420880,52.6,53.35,58.8933,0.037642587,1.1765,4377930,1.98,4377930,2.03,,3413192,4114673,3413192,1.59,0.0379,0.7974
53,FI,"Fiserv, Inc.","Fiserv, Inc.",Technology,114.99,41000,0.39866,0.13597,0.57132,0.069,0.2378,buy,0.196,1.102,0.03399,75.529,0.08153,1.775,29.34,0.234,2.1,5.052,12.673,0.19494963,8.51,49.085,0.0098,0.92766,2508999936,3.96,,0.18349409,2.342671,0.0054900004,2.57,0.898,93224615936,0.142,3.7990255,1.08,13.512338,0.0098,6097167,113.58,113.06,116.6951,0.0,0.0,2307710,0.0,2307710,,29.037878,3067220,2304439,3067220,,0.004,1.1241
54,FTV,Fortive Corporation,Fortive Corporation,Technology,75.14,18000,0.26038998,0.13389,0.58455,0.043,0.18372999,buy,0.229,0.957,0.043130003,31.53,0.08234999,2.025,16.878,0.638,2.1,4.808,18.466,0.23850334,3.72,28.32,0.0104,0.97133005,799699968,2.24,0.07,0.18349409,2.6532485,0.00226,2.38,1.176978,28719439872,0.208,4.4284415,2.88,20.198925,0.0117999995,5197528,74.66,74.24,70.3305,0.0037503347,0.125,1510980,0.28,1510980,0.28,33.544643,1374226,1778498,1374226,0.4,0.0038,1.8385
55,GRMN,Garmin Ltd.,Garmin Ltd.,Technology,106.83,19700,0.2353,0.20232001,0.57532,0.064,0.20099,hold,0.128,2.836,0.07873,2.326,0.16587,8.771,25.632,1.66,2.6,3.888,16.525,0.31564045,5.68,31.983,0.0174,0.55257,994387008,5.17,0.73,0.18349409,3.340212,0.19916001,4.65,0.915658,19111276544,0.117,4.161298,3.71,18.8081,0.0217,2973938,107.85,106.96,101.89415,0.027074642,0.5648,598610,2.92,598610,2.92,20.663443,531919,696109,531919,2.49,0.0271,2.0317
56,IT,"Gartner, Inc.","Gartner, Inc.",Technology,351.73,20104,0.23224,0.16076,0.68431,0.092,0.20622,buy,-0.02,0.869,0.10625,532.006,4.16638,14.978,72.502,0.745,2.3,5.204,22.409,0.22866523,11.34,7.408,0.0167,0.93737,924185024,11.43,1.195,0.18349409,47.47975,0.03167,2.99,1.23505,29917796352,-0.034,4.822913,7.48,31.016756,0.0196,1195617,354.94,353.01,336.1514,0.0,0.0,414210,0.0,414210,,30.772528,496248,418520,496248,,,
57,GEHC,GE HealthCare Technologies Inc.,GE HealthCare Technologies Inc.,Healthcare,66.8,50000,0.17548999,0.09623,0.39584,0.074,0.1424,buy,-0.147,1.219,0.05766,144.859,0.15262,4.256,41.859,0.788,2.3,2.065,11.767,0.113333344,4.3,15.615,0.0342,0.77411,1643000064,3.6,0.03,0.18349409,4.2779384,0.00074,4.73,,39312580608,-0.138,1.5959231,,15.5348835,0.0427,11320461,66.88,66.37,74.13115,0.0008971292,0.0083,1992330,0.06,1992330,0.12,18.555557,1538106,2973662,1538106,,0.0018000001,15.3705
58,GILD,"Gilead Sciences, Inc.","Gilead Sciences, Inc.",Healthcare,80.48,17000,0.44423,0.20028,0.79424006,0.054,0.28929,buy,-0.088,1.023,0.09774,119.683,0.26348,5.697,21.871,0.811,2.4,4.323,9.731,0.21589363,6.88,16.967,0.0162,0.86845,5484000256,4.35,0.75,0.18349409,4.7433257,0.001,3.87,0.346,118363234304,-0.087,3.6622193,3.06,11.697675,0.0182,18250145,79.2,79.19,79.6257,0.03737374,0.68050003,5424230,2.96,5424230,3.0,18.50115,9938673,5524323,9938673,3.93,0.0373,0.5397
59,GL,Globe Life Inc.,Globe Life Inc.,Financial Services,116.09,3543,0.18938999,0.13612,0.25129,0.027,0.18530001,hold,-0.009,0.705,0.02313,51.663,0.15416001,1.541,54.603,0.519,2.6,2.433,12.848,0.031361103,11.35,41.901,0.0070999996,0.85243,717116992,7.36,0.225,0.18349409,2.7705781,0.0219,1.3,0.793985,12819214336,-0.039,2.0894299,0.73,10.228193,0.0082,792287,115.05,114.79,112.2097,0.0075184703,0.1175,531790,0.865,531790,0.9,15.773097,440239,477204,440239,0.79,0.0078,
60,HCA,"HCA Healthcare, Inc.","HCA Healthcare, Inc.",Healthcare,243.97,207000,0.19877,0.0932,0.38687,0.07,0.15003,buy,0.1,1.203,0.110410005,8836.876,,3.533,221.565,0.838,1.7,1.759,8.848,0.16626036,20.37,-8.438,0.0088,0.64199996,5770999808,20.25,0.6,0.18349409,,0.26185,1.94,1.655029,108897910784,0.033,1.0716555,1.33,11.976927,0.0119,2416491,239.42,238.12,266.9595,0.0096900845,0.1146,1263460,2.32,1263460,2.4,12.047901,1195270,1288620,1195270,0.91,0.0098,1.0804
61,HPE,Hewlett Packard Enterprise Comp,Hewlett Packard Enterprise Company,Technology,16.98,60200,0.17656,0.03639,0.34590998,0.007,0.08569,hold,0.129,0.875,0.02911,65.333,0.052199997,1.73,22.838,0.5,2.7,1.117,6.327,0.32449293,2.14,16.077,0.0257,0.85016996,1079000064,0.83,0.12,0.18349409,1.0561672,0.00403,2.98,1.251,33128042496,0.134,0.73454607,2.48,7.934579,0.033099998,30796135,17.11,16.96,16.12475,0.028053768,0.5783,8353780,0.48,8353780,0.48,20.45783,7052802,10620676,7052802,3.38,0.028299998,1.3175
62,HON,Honeywell International Inc.,Honeywell International Inc.,Industrials,186.32,97000,0.23947,0.15083,0.33701,0.022,0.22261,buy,0.207,1.408,0.07514,124.932,0.30356002,13.207,53.995,0.987,2.2,3.815,15.932,0.039268136,10.05,26.054,0.0083,0.77238,5452000256,8.09,1.03,0.18349409,7.1513014,0.00121,1.93,1.057,137906290688,0.179,3.4223924,2.61,18.539305,0.0083,5507523,186.23,185.34,196.2061,0.021854697,0.5037,2505090,4.07,2505090,4.32,23.030903,1771244,2800501,1771244,1.99,0.0232,1.8774
63,HRL,Hormel Foods Corporation,Hormel Foods Corporation,Consumer Defensive,32.41,20000,0.1154,0.07196,0.16825001,-0.023,0.06985,hold,-0.256,1.403,0.05268,42.853,0.11634,1.256,22.322,0.638,3.4,1.668,14.451,-0.29726797,1.69,14.115,0.020299999,0.42431998,877521024,1.6,0.275,0.18349409,2.296139,0.47193,4.59,0.243,20336865280,-0.257,1.4523052,-39.42,19.177513,0.0385,10709774,32.12,32.07,40.5866,0.03377958,0.6781,4208330,1.085,4208330,1.1,20.25625,3382478,2324240,3382478,2.08,0.0339,2.9051
64,HWM,Howmet Aerospace Inc.,Howmet Aerospace Inc.,Industrials,45.24,21400,0.21672001,0.08585,0.27433002,0.183,0.17347,buy,0.314,2.218,0.06624,108.609,0.14786,1.298,14.987,0.855,2.0,3.536,16.314,0.32126164,2.11,9.029,0.010199999,0.91367996,530000000,1.26,0.04,0.18349409,5.010522,0.00693,1.71,1.272035,21909669888,0.313,3.009245,1.21,21.44076,0.0128,3880334,44.6,44.41,44.78895,0.0031390137,0.111099996,2288010,0.14,2288010,0.2,35.904762,1967604,2486109,1967604,,0.0045,
65,HUM,Humana Inc.,Humana Inc.,Healthcare,519.87,67100,0.05228,0.03421,0.18125,0.13,0.04873,buy,0.398,1.371,0.058229998,72.234,0.20796,253.941,786.989,1.163,2.0,0.463,8.864,0.03930354,32.1,135.86,0.0197,0.95635,3377999872,26.84,0.885,0.18349409,3.8265126,0.00168,2.5,0.630141,45746155520,0.378,0.6524611,1.35,16.195328,0.0197,2651475,524.21,525.81,489.88666,0.00638103,0.1246,1101020,3.345,1101020,3.54,19.369225,711469,1128370,711469,0.65,0.0068,1.1048
66,IBM,International Business Machines,International Business Machines Corporation,Technology,140.32,288300,0.21454,0.03346,0.54642,-0.004,0.14753,buy,0.126,1.06,0.04107,270.774,0.10396,17.89,66.745,0.885,2.5,2.84,13.239,0.14537585,9.55,24.37,0.031600002,0.57935,2169999872,2.34,1.66,0.18349409,5.7578993,0.00091,7.22,0.771,171908399104,0.137,2.1120589,4.75,14.693194,0.031600002,27543140,139.21,137.12,135.4661,0.04748222,2.8128,3328800,6.61,3328800,6.64,59.965816,4168064,4056840,4168064,4.95,0.0473,2.1568
67,INVH,Invitation Homes Inc.,Invitation Homes Inc.,Real Estate,32.72,1511,0.56972003,0.18808001,0.60136,0.079,0.28872,buy,0.222,4.187,0.02268,75.677,0.04271,0.889,3.807,2.461,2.4,11.677,20.496,0.0067691803,0.76,16.749,0.0196,1.05688,437227008,0.72,0.26,0.18349409,1.9535495,0.00318,4.48,0.925337,27183689728,0.242,8.636705,3.21,43.052635,0.0277,11539421,32.69,32.56,32.96905,0.030590396,1.3333,2304610,1.0,2304610,1.04,45.444443,2256275,2634909,2256275,2.1,0.032,5.6432
68,IQV,"IQVIA Holdings, Inc.",IQVIA Holdings Inc.,Healthcare,199.0,87000,0.17920999,0.074650005,0.34820998,0.053,0.14592,buy,0.187,0.814,0.04789,243.894,0.19748,8.148,79.122,0.715,1.8,3.335,18.612,0.11553335,11.59,31.393,0.019,0.90943,1096000000,5.81,,0.18349409,6.338993,0.0088599995,3.08,1.41,48968327168,0.16,2.4822066,1.63,17.169973,0.0217,3139242,198.98,196.88,209.81026,0.0,0.0,1071430,0.0,1071430,,34.25129,1130105,997606,1130105,,,1.4566
69,JCI,Johnson Controls International ,Johnson Controls International plc,Industrials,52.81,100000,0.13528,0.07745,0.34037,0.078,0.12281,buy,1.794,1.079,0.04086,64.113,0.13067001,1.554,38.769,0.684,2.0,1.774,13.113,0.0076321363,3.99,23.995,0.0075,0.93504995,2060999936,2.98,0.37,0.18349409,2.200875,0.0025099998,1.18,1.274,47205699584,1.768,1.3500563,0.98,13.235589,0.0075,4212810,52.64,52.32,61.8113,0.027165653,0.4799,3725050,1.43,3725050,1.48,17.721478,2581269,4092393,2581269,2.36,0.027999999,0.8689
70,KVUE,Kenvue Inc.,Kenvue Inc.,Consumer Defensive,19.78,22000,0.23471001,0.11123,0.55619997,0.054,0.19463,buy,-0.335,1.174,,77.926,,0.643,8.052,0.628,2.3,2.905,12.376,-0.26468402,1.28,5.765,0.0201,0.048189998,1715000064,0.56,0.2,0.18349409,3.4310496,0.89623,1.16,,44789039104,-0.288,2.456484,10.32,15.453126,0.19409999,20420289,19.54,19.29,23.806087,0.0,0.0,17799530,0.0,17799530,0.8,35.32143,17965516,42382965,17965516,,0.040900003,
71,KMB,Kimberly-Clark Corporation,Kimberly-Clark Corporation,Consumer Defensive,121.77,44000,0.17959,0.080699995,0.32571998,0.014,0.1529,hold,-0.767,0.871,0.10223,1281.874,2.36324,1.715,60.258,0.445,3.1,2.413,13.436,0.059422255,7.0,1.478,0.0186,0.77831,1642000000,4.85,1.18,0.18349409,82.38836,0.00248,4.14,0.395,49096806400,-0.767,2.0240238,1.94,17.395714,0.0186,6376656,121.7,121.43,131.9874,0.038455218,0.96489996,1409550,4.68,1409550,4.72,25.107216,1383103,1622359,1383103,3.3,0.0388,2.1941
72,LRCX,Lam Research Corporation,Lam Research Corporation,Technology,649.95,17200,0.32347,0.25882,0.45069999,-0.308,0.27056998,buy,-0.316,3.161,0.18398,63.934,0.62269,40.56,128.65,1.959,2.1,4.934,15.255,0.96906805,35.56,61.593,0.0215,0.88542,4510930944,33.21,2.0,0.18349409,10.552336,0.00298,2.58,1.517,86000394240,-0.336,4.9308667,3.15,18.27756,0.0216,2792430,650.7,638.14,574.10626,0.010603965,0.2078,939500,6.9,939500,8.0,19.570913,1020849,1099876,1020849,1.42,0.0123000005,2.382
73,LEN,Lennar Corporation,Lennar Corporation,Consumer Cyclical,109.63,12012,0.16509001,0.11662,0.17891,-0.023,0.16179001,buy,-0.231,11.685,0.09292,17.93,0.16101,13.792,117.209,2.173,2.2,0.957,5.795,0.51653063,14.32,90.227,0.0199,0.91168,3852902912,13.48,0.375,0.18349409,1.2150465,0.02372,2.28,1.479087,31993432064,-0.244,0.92459923,13.48,7.6557264,0.0296,5684270,109.58,109.01,111.0962,0.0136886295,0.1113,1998400,1.5,1998400,1.5,8.13279,1686751,2169345,1686751,0.91,0.0137,2.2032
74,LYV,"Live Nation Entertainment, Inc.","Live Nation Entertainment, Inc.",Communication Services,84.48,12800,0.0738,0.02338,0.25635,0.27,0.04853,buy,0.534,1.075,0.03205,747.858,0.70181,31.255,84.466,0.9,2.0,1.139,15.429,0.061039925,1.69,-0.822,0.0535,0.71612,258831008,1.11,,0.18349409,,0.32263002,6.6,1.311787,21865383936,0.564,1.0125386,0.94,49.988167,0.079,12163057,85.58,85.21,79.8582,0.0,0.0,1482890,0.0,1482890,,76.10811,1243784,2038009,1243784,,,1.0151
75,LYB,LyondellBasell Industries NV,LyondellBasell Industries N.V.,Basic Materials,94.75,19300,0.105749995,0.04899,0.11237001,-0.305,0.07829,hold,-0.561,1.809,0.0571,101.876,0.16625,7.739,131.929,0.901,2.7,0.953,9.008,0.19936705,9.86,39.847,0.0182,0.7243,2107000064,6.47,1.25,0.18349409,2.3778453,0.20639999,2.73,1.200483,40969596928,-0.565,0.7142148,6.7,9.609534,0.023,4662545,93.41,92.59,93.44435,0.05160047,0.745,1577760,4.82,1577760,4.88,14.644514,893727,2044565,893727,5.08,0.052199997,
76,MKTX,"MarketAxess Holdings, Inc.",MarketAxess Holdings Inc.,Financial Services,240.7,744,0.52026004,0.34381,0.92017,-0.013,0.42106998,hold,-0.107,16.608,0.1275,6.86,0.23271999,12.728,19.557,13.505,2.7,11.827,22.732,0.030967593,7.78,30.923,0.0507,1.00742,252020000,6.72,0.72,0.18349409,7.78385,0.01891,3.81,0.916,8669315072,-0.106,12.371885,3.08,30.938303,0.0661,2109600,242.04,240.97,293.80286,0.011733598,0.4232,527340,2.84,527340,2.88,35.818455,247128,435875,247128,0.72,0.012,3.1895
77,MAR,Marriott International,"Marriott International, Inc.",Consumer Cyclical,197.51,377000,0.7235,0.46659002,0.80505997,0.141,0.70087,hold,0.155,0.458,0.10168,,3.59948,1.888,19.043,0.416,2.7,11.83,16.351,0.3168211,9.55,-0.748,0.0198,0.61487997,2785999872,8.85,0.52,0.18349409,,0.19506,3.31,1.579,70638297088,0.071,9.865246,1.31,20.681675,0.026099999,7115185,197.04,196.68,180.4656,0.008221681,0.1831,1582980,1.62,1582980,2.08,22.317513,1182758,2026917,1182758,1.29,0.0105,1.1934
78,MMC,"Marsh & McLennan Companies, Inc","Marsh & McLennan Companies, Inc.",Financial Services,190.9,85000,0.265,0.152,0.43373,0.092,0.23175,hold,0.084,1.05,0.07818,120.521,0.28816998,2.371,43.576,0.431,2.6,5.035,19.001,0.216156,8.61,24.21,0.0053,0.90332,3281999872,6.58,0.71,0.18349409,7.8851714,0.0011999999,1.92,0.959557,108723093504,0.07,4.367164,2.37,22.171894,0.0053,2786400,192.5,191.33,179.3433,0.012883117,0.35869998,1591170,2.48,1591170,2.84,29.012157,1760324,1429160,1760324,1.51,0.0148,2.1619
79,MA,Mastercard Incorporated,Mastercard Incorporated,Financial Services,401.77,29900,0.60326,0.43366,1.0,0.14,0.58638,buy,0.282,1.129,0.22395,279.978,1.72789,6.914,24.689,0.702,1.9,16.436,27.246,0.34930813,13.78,5.835,0.005,0.78761,10229999616,10.69,0.57,0.18349409,68.85518,0.10655,2.04,1.072,387733651456,0.251,16.04716,2.16,29.156023,0.0057,4342817,401.16,399.64,380.947,0.0054840962,0.19870001,2204870,2.2,2204870,2.28,37.583725,2098246,2286696,2098246,0.51,0.0057,1.3683
80,MCD,McDonald's Corporation,McDonald's Corporation,Consumer Cyclical,251.14,100000,0.53792,0.33056998,0.57451,0.136,0.47223,buy,0.969,1.346,0.13922,,,2.249,33.068,1.043,1.9,9.504,17.668,0.0015553236,11.83,-6.86,0.0091,0.70419,7997700096,10.85,1.52,0.18349409,,0.00208,2.6,0.701,229942755328,0.945,7.56478,2.6,21.229078,0.0091,6267938,249.94,250.09,279.3578,0.023765704,0.5475,3215700,5.94,3215700,6.68,23.146544,2625774,2626001,2625774,2.24,0.026600001,1.6699
81,MDT,Medtronic plc.,Medtronic plc,Healthcare,72.81,95000,0.26405,0.114709996,0.65974,0.045,0.18476,buy,-0.156,2.417,0.040710002,48.635,0.07005,5.919,23.726,1.512,2.5,3.618,13.701,-0.1296916,5.47,38.465,0.0072000003,0.84526,3620000000,2.71,0.69,0.18349409,1.8928896,0.00097000005,1.84,0.708,114170159104,-0.149,3.0697727,4.04,13.310786,0.0072000003,6834703,71.75,71.5,83.1864,0.03804878,1.0074,7983130,2.73,7983130,2.76,26.867157,7920468,5474640,7920468,2.38,0.0379,1.4465
82,MU,"Micron Technology, Inc.","Micron Technology, Inc.",Technology,69.0,43000,0.14228,-0.37535,-0.091120005,-0.396,-0.34289002,buy,,4.458,-0.052270003,31.729,-0.124069996,8.737,14.218,2.526,2.2,5.159,36.259,0.30115032,5.08,40.182,0.018,0.84698,-5832999936,-5.34,0.115,0.18349409,1.7171868,0.00282,1.3,1.306,80169377792,,4.8754225,17.93,13.582678,0.018,19082559,69.08,68.07,63.5856,0.006658946,0.3156,11565100,0.46,11565100,0.46,,11587588,13416045,11587588,0.33,0.0067000003,
83,MOH,Molina Healthcare Inc,"Molina Healthcare, Inc.",Healthcare,359.97,15000,0.052649997,0.028770002,0.13149,0.041,0.04875,hold,0.259,1.518,0.07395,65.755,0.28399,150.875,552.212,1.483,2.6,0.45,8.547,0.019138813,23.31,62.431,0.0296,0.98663,916000000,16.11,,0.18349409,5.7658854,0.01113,5.35,0.572416,14324059136,0.246,0.65921944,1.15,15.442729,0.033800002,1913766,355.73,355.7,299.34146,0.0,0.0,335240,0.0,335240,,22.344505,416182,387637,416182,,,
84,TAP,Molson Coors Beverage Company,Molson Coors Beverage Company,Consumer Defensive,59.14,16600,0.17501,0.00365,0.34864,0.118,0.14912,hold,6.203,0.869,0.029460002,52.536,0.00354,4.444,51.605,0.55,2.8,1.701,9.721,0.22417724,5.18,60.272,0.0342,0.88125,40800000,0.19,0.41,0.18349409,0.98121846,0.113529995,5.4,0.927,19016062976,6.239,1.144811,1.1,11.416988,0.0586,7729461,59.26,58.94,59.5651,0.026662169,8.3158,1958920,1.58,1958920,1.64,311.26315,1304464,1674607,1304464,2.65,0.0277,3.0366
85,MS,Morgan Stanley,Morgan Stanley,Financial Services,80.33,82000,0.0,0.18856001,0.86648005,0.02,0.28272,buy,-0.108,2.076,0.00871,351.972,0.09981,330.891,32.199,1.776,2.3,-0.915,,0.034647107,6.59,55.245,0.0127,0.63639,9491999744,5.69,0.85,0.18349409,1.4540683,0.23014,3.09,1.359,-48683876352,-0.125,2.502339,3.14,12.189681,0.0164,19276558,78.73,77.99,87.97025,0.0403277,0.5448,7735060,3.175,7735060,3.4,14.11775,12113706,6744606,12113706,2.81,0.0423,2.5642
86,NTAP,"NetApp, Inc.","NetApp, Inc.",Technology,76.92,12000,0.21009001,0.19494,0.67059,-0.101,0.14455,hold,-0.281,1.28,0.07242,306.071,1.58039,14.435,28.847,1.129,2.7,2.534,12.063,0.23486912,6.16,4.177,0.03,0.94085,1208999936,5.52,0.5,0.18349409,18.41513,0.00401,3.55,1.184,15718215680,-0.304,2.5895202,1.51,12.487013,0.0348,6893641,75.95,75.5,70.1553,0.026333114,0.3623,1508600,2.0,1508600,2.0,13.934782,1959144,2023487,1959144,2.92,0.025999999,
87,NFLX,"Netflix, Inc.","Netflix, Inc.",Communication Services,355.72,12800,0.18621999,0.13217,0.38773,0.027,0.22317,buy,0.028,1.326,0.07235,74.429,0.20265,19.355,72.226,1.129,2.2,5.169,27.755,0.3059696,14.26,51.523,0.019199999,0.83879995,4246256128,9.39,,0.18349409,6.9041014,0.01349,1.75,1.262,166052872192,0.032,4.906744,1.34,24.945301,0.0195,8854933,360.82,361.1,374.00854,0.0,0.0,5856390,0.0,5856390,,37.882854,5658225,5924237,5658225,,,1.4503
88,NI,NiSource Inc,NiSource Inc.,Utilities,26.13,7117,0.3461,0.12002,0.40162,-0.079,0.21017,buy,-0.261,0.454,0.02947,166.708,0.09116,0.366,14.249,0.195,1.7,4.231,12.226,0.050241113,1.68,14.711,0.0212,0.95142,641699968,1.44,0.25,0.18349409,1.7762218,0.0028,1.75,0.508468,24754483200,-0.122,1.8458408,2.47,15.553572,0.0277,6410170,26.11,25.97,27.23315,0.03772501,0.6736,6174740,0.985,6174740,1.0,18.145832,3152635,4842743,3152635,3.28,0.0383,2.1611
89,NOC,Northrop Grumman Corporation,Northrop Grumman Corporation,Industrials,489.0,95000,0.1912,0.122729994,0.2024,0.088,0.114870004,buy,-0.119,1.2,0.08445,112.644,0.31911,22.366,247.427,1.031,2.4,2.324,12.156,-0.04288429,24.74,102.293,0.0089,0.8254,4648999936,30.12,1.87,0.18349409,4.780386,0.00232,2.02,0.437,88045551616,-0.142,1.9531085,11.33,19.765562,0.009,1271642,489.07,487.81,453.05994,0.014435561,0.2342,1243740,7.06,1243740,7.48,16.23506,1172861,813971,1172861,1.59,0.0153,13.3355
90,NVR,"NVR, Inc.","NVR, Inc.",Consumer Cyclical,5840.0,6550,0.2038,0.15956001,0.25773,-0.108,0.20214,hold,-0.058,7.411,0.22127001,24.84,0.45194,820.6,3119.907,3.844,2.7,1.746,8.567,0.46812975,455.65,1273.797,0.0252,0.86675,1614540032,466.79,0.167,0.18349409,4.5847178,0.040960003,3.29,1.026961,17665441792,-0.068,1.8840344,-1.85,12.816855,0.0295,75773,5916.22,5865.83,5742.3945,0.0,0.0,26840,0.0,26840,,12.510979,32469,21917,32469,,,
91,ORLY,"O'Reilly Automotive, Inc.","O'Reilly Automotive, Inc.",Consumer Cyclical,946.06,88149,0.22641,0.14837,0.51023996,0.108,0.20134,buy,0.164,0.69,0.15114,,,0.961,245.033,0.074,2.1,4.207,18.581,0.28241062,42.11,-26.944,0.0188,0.87759,2258259968,36.66,,0.18349409,,0.01052,3.01,0.835119,64029044736,0.088,3.745604,2.1,22.466396,0.019,903803,945.3,949.51,894.2064,0.0,0.0,339500,0.0,339500,,25.806328,265646,373257,265646,,,1.4046
92,PKG,Packaging Corporation of Americ,Packaging Corporation of America,Consumer Cyclical,152.87,15100,0.21638,0.10792,0.23139,-0.127,0.15751,hold,-0.3,3.348,0.09616,72.32,0.22191,6.488,88.857,2.009,2.6,1.968,9.095,0.33627617,7.85,43.128,0.0195,0.96152997,860099968,9.47,1.25,0.18349409,3.544565,0.01579,3.58,0.854476,15807278080,-0.328,1.7111709,-1.31,19.473885,0.023,1826370,152.44,151.24,139.32895,0.032799788,0.528,473270,5.0,473270,5.0,16.142555,456943,562082,456943,3.08,0.0328,
93,PANW,"Palo Alto Networks, Inc.","Palo Alto Networks, Inc.",Technology,261.74,13948,0.0856,0.06379,0.72293997,0.26,0.12978,buy,63.726,0.782,0.01809,133.316,0.44904,7.745,22.733,0.677,1.8,11.71,136.801,0.6347511,6.39,5.671,0.0681,0.88446,439700000,1.28,,0.18349409,46.154118,0.01222,8.22,1.133,80712450048,68.0,11.718434,1.83,40.960876,0.0708,20172885,261.52,260.86,207.3024,0.0,0.0,3064780,0.0,3064780,,204.48438,2678459,3787470,2678459,,,1.7482
94,PAYX,"Paychex, Inc.","Paychex, Inc.",Industrials,119.14,16600,0.44184,0.314,0.71255994,0.066,0.41702998,hold,0.105,1.238,0.121549994,24.168,0.47502,4.683,14.108,0.445,3.1,8.298,18.781,0.06899953,5.02,9.932,0.0248,0.75711,1597299968,4.41,0.89,0.18349409,11.995569,0.1078,5.22,0.963,42212724736,0.105,8.460394,2.96,23.733068,0.0278,8955324,118.73,118.81,114.7444,0.028299501,0.7619,1436320,3.36,1436320,3.56,27.015873,1052146,1634787,1052146,2.73,0.0299,3.1267
95,PYPL,"PayPal Holdings, Inc.","PayPal Holdings, Inc.",Financial Services,57.16,29900,0.19236,0.1427,0.41305,0.071,0.15411,buy,,1.296,0.03875,57.016,0.20671,9.018,25.193,0.261,2.2,2.244,11.664,-0.32331008,5.33,17.841,0.0172,0.75814,4075000064,3.57,,0.18349409,3.2038562,0.00205,1.44,1.363,64071823360,,2.1979258,0.72,10.724203,0.0172,19523809,57.0,56.51,69.3268,0.0,0.0,13122850,0.0,13122850,,16.011206,10298323,15050939,10298323,,,0.4774
96,PEP,"Pepsico, Inc.","PepsiCo, Inc.",Consumer Defensive,160.37,315000,0.176,0.09049,0.54028,0.067,0.17942,buy,0.149,0.877,0.085939996,236.025,0.4391,7.479,66.57,0.676,2.4,2.785,15.823,-0.07493079,7.74,13.677,0.0098,0.75955003,8289999872,6.0,1.265,0.18349409,11.725524,0.0015700001,2.85,0.576,255141937152,0.144,2.406609,2.73,20.719639,0.0098,11208846,161.08,160.0,179.9237,0.0299851,0.805,8133100,4.83,8133100,4.83,26.728333,6155208,5149253,6155208,2.75,0.0301,2.4691
97,PFE,"Pfizer, Inc.",Pfizer Inc.,Healthcare,32.75,83000,0.39863998,0.2755,0.6982,-0.541,0.20865,buy,-0.764,2.117,0.07628,66.142,0.23068,7.932,13.855,1.68,2.4,2.644,6.632,-0.2403155,3.07,17.541,0.009,0.70767,21493999616,3.76,0.41,0.18349409,1.8670543,0.0004,1.89,0.569,206068170752,-0.765,2.3723133,-0.89,10.667752,0.009,50456494,33.27,33.0,38.84195,0.048692517,0.4309,28717690,1.62,28717690,1.64,8.710107,40006171,26116259,40006171,3.71,0.050100002,
98,PSX,Phillips 66,Phillips 66,Energy,113.91,13000,0.07516,0.07066,0.13583,-0.278,0.05386,buy,-0.43,1.329,0.08828,63.96,0.4085,6.802,330.489,0.834,2.4,0.444,5.91,0.16294026,13.32,67.143,0.019299999,0.72903,10922000384,23.19,1.05,0.18349409,1.6965284,0.00503,2.8,1.334,68721745920,-0.464,0.32783583,-0.9,8.551803,0.0218,9596359,111.78,111.68,104.2639,0.036142424,0.1742,2835480,4.04,2835480,4.2,4.912031,2471126,3024046,2471126,4.31,0.0369,
99,PPL,PPL Corporation,PPL Corporation,Utilities,24.21,6527,0.32648,0.08785,0.35904,0.075,0.17663,buy,-0.063,1.088,0.02496,106.598,0.05167,0.442,11.759,0.677,2.1,3.74,11.456,-0.044216335,1.7,18.938,0.0143,0.76068,717000000,0.97,0.24,0.18349409,1.2783821,0.00054000004,2.16,0.858,32398913536,-0.059,2.0601392,0.89,14.241176,0.0164,10453456,24.18,23.99,27.03235,0.03846154,0.95879996,6002520,0.93,6002520,0.96,24.958761,3571175,5226553,3571175,5.1,0.0397,1.2947
100,PFG,Principal Financial Group Inc,"Principal Financial Group, Inc.",Financial Services,72.45,19300,0.15135999,0.113620006,0.48016,-0.466,0.12966,hold,-0.87,1.407,0.00386,41.731,0.14854999,20.134,57.666,0.431,3.4,1.212,8.009,-0.080233574,7.42,42.746,0.0165,0.75301003,1602899968,6.56,0.65,0.18349409,1.6948954,0.00787,4.14,1.265814,17102101504,-0.875,1.2413082,1.24,9.764151,0.0188,4170005,71.2,70.93,77.71535,0.035955057,0.39020002,918960,2.56,918960,2.6,11.044207,949176,990323,949176,3.99,0.0365,
101,PG,Procter & Gamble Company (The),The Procter & Gamble Company,Consumer Defensive,146.26,107000,0.26548,0.17868,0.48053002,0.053,0.23461,buy,0.129,0.633,0.10007,75.266,0.31384,3.498,34.628,0.384,2.3,4.549,17.136,0.12889779,6.53,19.456,0.006,0.66119003,14371000320,5.89,0.941,0.18349409,7.517475,0.00113,2.74,0.465,373064597504,0.109,4.2035794,3.34,22.39816,0.006,14871633,146.07,146.11,148.59085,0.025200246,0.62380004,5957080,3.681,5957080,3.76,24.831919,6154262,5462000,6154262,2.49,0.0257,3.3874
102,PRU,"Prudential Financial, Inc.","Prudential Financial, Inc.",Financial Services,96.93,39583,0.05789,0.029979998,0.24481001,0.484,0.04601,hold,,1.147,0.00354,106.417,0.06969,71.791,184.958,0.985,2.9,0.61,10.544,0.005289316,13.23,78.234,0.012200001,0.59924,2002000000,5.42,1.25,0.18349409,1.2389754,0.0014599999,3.11,1.394,41491591168,,0.5176483,0.74,7.326531,0.012200001,4464010,95.7,95.38,91.4344,0.051201675,0.90410006,1188390,4.9,1188390,5.0,17.883764,1115914,1420615,1115914,4.91,0.051599998,
103,QCOM,QUALCOMM Incorporated,QUALCOMM Incorporated,Technology,112.2,51000,0.34276,0.22328,0.56311,-0.227,0.21570998,buy,-0.514,2.419,0.14825,74.717,0.47022998,7.734,34.519,1.475,2.1,3.422,9.983,-0.0057598352,8.71,18.538,0.0134000005,0.76128,8632999936,7.64,0.8,0.18349409,6.0524325,0.00078,1.84,1.224,132028203008,-0.517,3.2452621,-1.27,12.881744,0.0134000005,10886348,110.51,108.81,117.9199,0.02759931,0.3992,6254890,3.05,6254890,3.2,14.6858635,7037916,8142043,7037916,2.58,0.028499998,1.0836
104,RJF,"Raymond James Financial, Inc.","Raymond James Financial, Inc.",Financial Services,103.59,17000,0.0,0.15619999,0.93505996,0.072,0.19498,buy,0.239,2.359,0.021300001,42.673,0.17965999,66.945,52.277,2.345,2.2,1.03,,0.035899997,9.51,47.339,0.0228,0.77314,1732999936,7.93,0.42,0.18349409,2.1882591,0.097040005,5.41,1.01832,11496151040,0.226,1.9376571,0.84,10.892744,0.0252,4462297,101.47,101.38,101.44715,0.015768208,0.2015,657650,1.6,657650,1.68,13.063051,857285,794517,857285,1.47,0.0166,1.1284
105,REGN,"Regeneron Pharmaceuticals, Inc.","Regeneron Pharmaceuticals, Inc.",Healthcare,836.85,12256,0.38002,0.33928,0.53739,0.105,0.32187,buy,0.138,5.451,0.09548,11.251,0.19232,84.256,118.474,4.526,2.0,6.507,17.122,0.17970872,43.7,225.944,0.0108,0.89447,4298999808,37.83,,0.18349409,3.7037938,0.02542,2.92,0.113,82446049280,0.136,7.169839,4.3,19.149885,0.0128999995,1482820,843.66,843.0,773.8392,0.0,0.0,348830,0.0,348830,,22.12133,311359,480960,311359,,0.0078,1.8125
106,RSG,"Republic Services, Inc.","Republic Services, Inc.",Industrials,148.09,40000,0.28549,0.109110005,0.40298998,0.091,0.18416001,buy,0.153,0.757,0.05726,122.093,0.16223,0.574,45.585,0.689,2.1,4.099,14.358,0.105314255,5.92,32.249,0.0058999998,0.95205003,1574899968,4.97,0.535,0.18349409,4.59208,0.0010800001,1.87,0.685793,59167600640,0.149,3.2453077,3.11,25.015202,0.0091,1579979,148.23,148.01,140.0157,0.013357621,0.3984,1116310,1.98,1116310,2.14,29.796782,1006306,1078532,1006306,1.6,0.014400001,2.5752
107,RHI,Robert Half Inc.,Robert Half Inc.,Industrials,76.97,16300,0.103870004,0.07839,0.41301998,-0.12,0.09636,hold,-0.375,1.863,0.13881,13.43,0.35057998,6.862,64.74,1.329,3.2,1.09,10.494,-0.047754526,4.23,15.424,0.0596,0.99346,542156032,5.05,0.48,0.18349409,4.990275,0.028399998,9.04,1.275146,7539196416,-0.395,1.1916933,-15.41,18.196218,0.097799994,6375050,76.37,75.9,75.51875,0.023831347,0.36040002,714380,1.82,714380,1.92,15.241584,510131,859587,510131,2.05,0.0251,4.2885
108,RCL,Royal Caribbean Cruises Ltd.,Royal Caribbean Cruises Ltd.,Consumer Cyclical,86.5,102400,0.23201,-0.0047,0.39493,0.613,0.11434,buy,,0.204,0.02566,593.558,-0.01523,2.836,47.009,0.11,1.9,3.555,15.323,0.85264516,8.41,13.131,0.0746,0.74156,-56387000,-0.23,0.78,0.18349409,6.587465,0.13187,6.7,2.455928,42679611392,,1.8457813,-0.09,10.285375,0.1088,20216045,86.7,86.5,81.86865,0.0,0.0,2546030,0.0,2546030,,,2291800,2901120,2291800,,,
109,SPGI,S&P Global Inc.,S&P Global Inc.,Financial Services,367.31,39660,0.44705,0.19454001,0.65801,0.036,0.37053,buy,-0.441,0.783,0.04247,31.132,0.06369,4.906,37.259,0.681,1.7,10.87,24.315,0.2372756,14.38,111.464,0.0084,0.89871,2345999872,7.09,0.9,0.18349409,3.295324,0.002,2.4,1.128,131081043968,-0.474,9.6921835,2.2,25.543116,0.0084,3241998,367.54,364.72,369.8099,0.009522772,0.493,788200,3.5,788200,3.6,51.80677,728068,1135210,728068,0.86,0.0098,2.1325
110,NOW,"ServiceNow, Inc.","ServiceNow, Inc.",Technology,568.47,20433,0.124239996,0.17762,0.78496003,0.227,0.06324,buy,50.043,1.145,0.024349999,31.938,0.25611,23.239,39.488,1.013,1.7,13.739,110.587,0.59934163,12.25,33.907,0.0116,0.91936994,1424000000,6.84,,0.18349409,16.765564,0.00227,2.48,1.00311,110144806912,51.2,14.465246,2.16,46.405712,0.0117,2498711,551.63,549.66,504.90396,0.0,0.0,947460,0.0,947460,,83.10964,1371825,1072395,1371825,,,1.7475
111,SHW,Sherwin-Williams Company (The),The Sherwin-Williams Company,Basic Materials,252.84,64366,0.17588,0.102019995,0.44081002,0.063,0.17844,buy,0.389,1.002,0.094849996,339.861,0.80008006,0.818,89.377,0.532,2.2,3.347,19.032,0.22003472,10.87,14.184,0.0117999995,0.78362,2342500096,9.0,0.605,0.18349409,17.825718,0.08129,2.4,1.072,76858343424,0.373,2.8316638,2.02,23.26035,0.0128,3036009,252.37,250.04,244.5765,0.009549472,0.2675,1211630,2.41,1211630,2.42,28.093332,879960,1390710,879960,0.85,0.0095999995,2.5257
112,SBUX,Starbucks Corporation,Starbucks Corporation,Consumer Cyclical,94.18,402000,0.18576,0.10805,0.26559,0.125,0.16593,buy,0.253,0.778,0.11141,,,3.16,30.515,0.517,2.5,3.675,19.783,0.07609689,3.88,-7.289,0.0119,0.73457,3783500032,3.28,0.53,0.18349409,,0.02083,2.43,0.982,128681975808,0.251,3.080682,1.8,24.273195,0.0121,13304411,93.65,92.75,101.3816,0.022637479,0.6341,5523560,2.12,5523560,2.28,28.713415,6085609,5842521,6085609,1.91,0.0242,1.3043
113,SYY,Sysco Corporation,Sysco Corporation,Consumer Defensive,64.86,72000,0.045050003,0.02319,0.18280001,0.041,0.02549,buy,0.456,1.242,0.07412,546.855,1.02436,1.476,150.434,0.684,2.3,0.566,12.565,-0.16255647,4.73,3.977,0.014400001,0.85674006,1770124032,3.47,0.5,0.18349409,16.308775,0.00112,2.98,1.128,43203366912,0.439,0.42908144,1.19,13.712474,0.014400001,8157830,64.4,64.4,73.5709,0.030590061,0.5677,2714660,1.97,2714660,2.0,18.691643,1753699,2521831,1753699,2.43,0.0308,1.5843
114,TROW,"T. Rowe Price Group, Inc.","T. Rowe Price Group, Inc.",Financial Services,100.75,7903,0.42508,0.24732,0.49683997,0.064,0.30257,hold,0.411,1.747,0.10329001,4.051,0.15556,10.03,27.891,1.747,3.5,3.508,8.252,-0.0039545298,7.19,41.304,0.0708,0.79603,1510499968,6.71,1.22,0.18349409,2.439231,0.02031,12.92,1.318,21958731776,0.403,3.6097445,-2.56,14.012517,0.08270001,16286295,100.27,99.98,111.5337,0.048269674,0.72129995,1478030,4.84,1478030,4.88,15.014903,1712758,1385954,1712758,2.99,0.0484,
115,TEL,TE Connectivity Ltd. New Switze,TE Connectivity Ltd.,Technology,124.52,92000,0.21347,0.1263,0.31195998,-0.024,0.16567,buy,-0.091,1.796,0.07869,37.063,0.18724,3.603,51.603,0.97,2.4,2.582,12.096,0.111487985,7.53,36.12,0.0061000003,0.96756,2059000064,6.46,0.59,0.18349409,3.4473975,0.00164,1.39,1.324576,42238291968,-0.111,2.3897593,5.85,16.53652,0.0061000003,2379985,124.28,123.56,128.52844,0.018265208,0.3514,1349140,2.27,1349140,2.36,19.275541,1795775,1469021,1795775,1.8,0.019,1.4958
116,TFX,Teleflex Incorporated,Teleflex Incorporated,Healthcare,194.07,15500,0.27085,0.12714,0.55672,0.055,0.19787,buy,0.053,2.603,0.05035,39.629,0.091400005,6.229,61.764,1.3,2.5,3.621,13.37,-0.01935321,14.17,89.7,0.0321,1.0001999,368712992,7.8,0.34,0.18349409,2.1635454,0.00226,4.54,1.03,10497448960,0.055,3.1458626,1.39,13.695837,0.045900002,1651207,191.17,188.2,237.11626,0.007114087,0.1744,270950,1.36,270950,1.36,24.88077,339640,295156,339640,0.45,0.0069999998,1.2903
117,TER,"Teradyne, Inc.","Teradyne, Inc.",Technology,96.52,6500,0.27028,0.19552,0.5819,-0.186,0.21186,buy,-0.371,3.171,0.12028,4.85,0.23634,4.6,18.375,1.794,2.4,4.99,18.461,0.31893957,4.56,15.796,0.0273,1.06976,559366976,3.38,0.11,0.18349409,6.110408,0.0061799996,2.76,1.539,14275095552,-0.393,5.196113,3.18,21.166666,0.031,4704961,97.0,95.15,102.3749,0.0045360825,0.1302,1261070,0.44,1261070,0.44,28.556211,1419432,1527656,1419432,0.51,0.0046,0.9361
118,TXT,Textron Inc.,Textron Inc.,Industrials,79.88,34000,0.117539994,0.06876,0.16001,0.086,0.08722,buy,0.306,1.865,0.04434,55.644,0.13083,8.558,63.802,0.858,2.4,1.361,11.584,0.29172063,5.87,35.484,0.0211,0.90016,905000000,4.35,0.02,0.18349409,2.2511554,0.00472,2.7,1.403041,17920055296,0.212,1.2020903,0.85,13.608177,0.0241,4460270,79.27,78.7,71.05545,0.0010092091,0.0184,1195010,0.08,1195010,0.08,18.363218,1839450,1361464,1839450,0.15,0.001,1.1478
119,TT,Trane Technologies plc,Trane Technologies plc,Industrials,209.19,39000,0.17082001,0.11181,0.31994,0.123,0.15342,hold,0.176,1.193,0.088149995,80.08,0.32001,2.905,73.131,0.731,2.7,3.102,18.158,0.441298,9.75,27.415,0.0082,0.88008004,1904800000,8.2,0.75,0.18349409,7.630494,0.00316,1.77,1.19357,52160131072,0.151,2.8411894,1.82,21.455385,0.0082,1751004,208.1,207.46,187.49875,0.013647284,0.3463,1094540,2.84,1094540,3.0,25.510977,1084019,1052773,1084019,1.63,0.0143,2.0355
120,TFC,Truist Financial Corporation,Truist Financial Corporation,Financial Services,29.82,52848,0.0,0.27474,0.0,-0.019,0.3513,hold,-0.156,,0.01124,,0.097550005,27.949,16.812,,2.6,3.721,,-0.29736096,3.48,42.683,0.01,0.74751,5790000128,4.33,0.52,0.18349409,0.6986388,0.0029499999,1.33,1.097,83113525248,-0.145,1.7784386,0.49,8.568965,0.01,15096171,29.0,28.56,34.7565,0.07172413,0.4804,10904930,2.08,10904930,2.08,6.886836,12188865,10535015,12188865,3.97,0.0698,
121,TYL,"Tyler Technologies, Inc.","Tyler Technologies, Inc.",Technology,387.57,7247,0.16666001,0.08641,0.43175998,0.076,0.1113,buy,0.223,1.003,0.028080001,33.412,0.06288,3.276,45.505,0.909,1.9,8.911,53.465,0.15221334,8.73,65.806,0.0153,0.94598,164315008,3.95,0.006667,0.18349409,5.8895845,0.00923,2.98,0.771863,16944342016,0.23,8.576355,4.89,44.39519,0.0174,631236,383.98,382.51,368.65466,0.0,0.0,187080,0.0,187080,,98.11899,210244,201550,210244,,,3.0947
122,TSN,"Tyson Foods, Inc.","Tyson Foods, Inc.",Consumer Defensive,47.2,142000,0.05074,0.00638,0.06685,-0.026,0.010729999,hold,,1.795,0.02525,49.286,0.017239999,1.986,149.845,0.638,2.8,0.479,9.444,-0.2740695,3.04,52.815,0.0172,0.82563,340000000,0.94,0.48,0.18349409,0.8936855,0.022850001,2.29,0.807,25527447552,,0.31504473,5.01,15.526317,0.024600001,5445677,47.37,47.0,55.86745,0.009710788,2.0213,2309720,0.46,2309720,1.92,50.21277,1566145,2848373,1566145,2.43,0.040700004,10.7763
123,ULTA,"Ulta Beauty, Inc.","Ulta Beauty, Inc.",Consumer Cyclical,383.66,18500,0.17518999,0.11766,0.43147,0.101,0.15314001,buy,0.056,1.689,0.20146999,91.643,0.66082,7.894,212.968,0.378,2.1,1.899,10.842,-0.006731212,27.01,41.586,0.0356,0.96299005,1262488960,24.71,1.0,0.18349409,9.225701,0.00149,2.49,1.361216,20378834944,0.015,1.7602687,2.44,14.204369,0.0405,1211802,387.26,385.58,474.3936,0.0,0.0,858000,0.0,858000,,15.526508,622491,807426,622491,,,1.4641
124,VZ,Verizon Communications Inc.,Verizon Communications Inc.,Communication Services,31.51,117100,0.35487,0.15581,0.58050996,-0.035,0.23,hold,-0.111,0.727,0.05114,188.91,0.23393999,1.17,32.105,0.557,2.8,2.305,6.495,-0.13836479,4.45,22.643,0.0089,0.63936,21034000384,5.0,0.665,0.18349409,1.3916001,0.00033,1.74,0.391,311160307712,-0.106,0.9812541,11.13,7.0808992,0.0089,42561388,31.25,31.11,36.42455,0.083519995,0.522,22143720,2.61,22143720,2.66,6.302,21036001,22780015,21036001,5.01,0.0844,6.0536
125,VFC,V.F. Corporation,V.F. Corporation,Consumer Cyclical,18.45,19800,0.107370004,0.010240001,0.5232,-0.077,-0.00399,hold,,1.366,0.04447,289.519,0.03859,2.074,29.484,0.53,2.6,1.245,11.591,-0.35149384,2.33,6.993,0.0728,0.85462,117119000,0.3,0.3,0.18349409,2.6383526,0.0073,3.78,1.499,14233649152,,0.6273043,0.86,7.9184556,0.08189999,22058054,16.19,16.15,21.61405,0.0994441,5.3666997,8840090,1.61,8840090,1.2,61.5,22396711,7236987,22396711,3.84,0.065,0.5233
126,VTRS,Viatris Inc.,Viatris Inc.,Healthcare,9.43,38000,0.32869998,0.11884,0.43262002,-0.048,0.14087,hold,-0.15,1.499,0.029000001,90.422,0.091230005,0.593,12.928,0.662,2.6,1.887,5.742,0.0053304434,2.87,17.382,0.0294,0.78192,1854200064,1.53,0.12,0.18349409,0.5425153,0.0032499998,4.02,1.156,29447190528,-0.159,0.72501224,-1.52,3.2857146,0.0337,33564040,9.47,9.38,10.31175,0.050686374,0.31370002,8125880,0.48,8125880,0.48,6.163399,6645052,8905478,6645052,0.89,0.0509,
127,VMC,Vulcan Materials Company (Holdi,Vulcan Materials Company,Basic Materials,214.79,11974,0.23751,0.09573,0.22792,0.081,0.15748,buy,0.642,2.576,0.05234,62.338,0.10536,1.249,56.965,1.672,1.9,4.309,18.141,0.3878013,8.16,54.196,0.0149,0.91776,735299968,5.5,0.43,0.18349409,3.9632075,0.0017200001,2.53,0.781195,32668409856,0.648,3.7639525,1.5,26.322304,0.0168,1649533,213.04,211.94,196.39584,0.007791964,0.3018,746690,1.66,746690,1.72,39.052727,528755,781106,528755,0.91,0.0081,1.482
128,WMT,Walmart Inc.,Walmart Inc.,Consumer Defensive,161.42,2100000,0.059019998,0.02226,0.24195999,0.057,0.04526,buy,0.553,0.827,0.06448,78.146,0.16325001,5.16,233.757,0.22,1.8,0.782,13.255,0.2067883,7.09,29.553,0.006,0.33532003,14040999936,5.2,0.57,0.18349409,5.4620514,0.47239,3.0,0.538,493448232960,0.533,0.68876934,3.39,22.767277,0.0115,14172683,161.21,160.54,151.5951,0.014018981,0.4346,5808690,2.26,5808690,2.28,31.042309,3628624,5449057,3628624,1.69,0.014099999,1.9945
129,ZBRA,Zebra Technologies Corporation,Zebra Technologies Corporation,Technology,212.99,10500,0.202,0.11818,0.46563998,-0.173,0.17298001,buy,,0.99,0.077659994,81.551,0.23615,2.104,106.622,0.447,2.4,2.412,11.941,-0.1822545,11.65,58.286,0.0222,0.91193,650000000,12.46,,0.18349409,3.6542225,0.00595,2.71,1.715,13266557952,,1.9881028,4.64,18.282404,0.0253,1222309,214.97,212.29,280.67764,0.0,0.0,461020,0.0,461020,,17.0939,355820,471326,355820,,0.0019,4.1881
130,ZBH,"Zimmer Biomet Holdings, Inc.","Zimmer Biomet Holdings, Inc.",Healthcare,106.59,18000,0.32794997,0.07027,0.71721,0.049,0.19313999,hold,0.37,1.964,0.04183,47.804,0.041350003,1.53,34.362,0.755,2.6,3.874,11.814,-0.0141509175,8.03,59.25,0.013099999,0.90281,505600000,2.4,0.24,0.18349409,1.7989873,0.00104,1.52,1.011,27878287360,0.364,3.0954726,1.94,13.2739725,0.0168,2171489,105.05,104.37,128.181,0.009138505,0.4,1712550,0.96,1712550,0.96,44.4125,1412434,1690954,1412434,0.74,0.009,2.0577
131,ZTS,Zoetis Inc.,Zoetis Inc.,Healthcare,174.26,13800,0.41219002,0.26916,0.70238,0.062,0.38257,buy,0.295,3.495,0.1355,146.657,0.48016998,3.73,17.693,1.718,1.9,10.371,25.161,0.17639911,6.06,10.038,0.0063,0.9462,2212999936,4.76,0.375,0.18349409,17.360031,0.002,1.8,0.808,85270822912,0.268,9.756122,3.06,28.755775,0.0063,3693539,175.18,172.87,172.7633,0.0079917805,0.2947,1475560,1.4,1475560,1.5,36.60924,1716298,1774059,1716298,0.6,0.0086,2.9488
